userId,full_name,version,insurance_company
ccammidge0,Cyndi Cammidge,4,United
ngrishelyov1,Nicol Grishelyov,2,Cross
agartside2,Ardath Gartside,3,Optimus
rleyre3,Ruthi Leyre,2,Primer
jbenditt4,Javier Benditt,5,United
skoschke5,Shaylyn Koschke,4,Cross
ccoxon6,Cly Coxon,2,Optimus
svance7,Sheba Vance,5,Primer
ecommings8,Emilie Commings,3,United
nmeldon9,Norris Meldon,3,Cross
echallina,Eimile Challin,5,Optimus
tcoveb,Tasha Cove,4,Primer
tblucherc,Tripp Blucher,3,United
acarrabottd,Ali Carrabott,3,Cross
gtremelliere,Gabe Tremellier,3,Optimus
sduerf,Sibylle Duer,3,Primer
kbortoluttig,Kristofer Bortolutti,5,United
dyuryshevh,Dagmar Yuryshev,2,Cross
eabberleyi,Evered Abberley,3,Optimus
blotteringtonj,Brinn Lotterington,1,Primer
lvidak,Leonerd Vida,4,United
cantonijevicl,Cammi Antonijevic,3,Cross
tceneym,Therine Ceney,2,Optimus
tjentn,Tierney Jent,4,Primer
kzimmero,Klara Zimmer,4,United
rmattheusp,Rosy Mattheus,3,Cross
rlidbetterq,Raf Lidbetter,3,Optimus
rhallenr,Rosabelle Hallen,3,Primer
switheys,Shelby Withey,3,United
ashuttet,Amelita Shutte,1,Cross
mhemphreyu,Mira Hemphrey,2,Optimus
gromaynev,Gabriell Romayne,2,Primer
oratterw,Odella Ratter,4,United
jnewbiggingx,Josefina Newbigging,3,Cross
apollaky,Alberto Pollak,1,Optimus
rhesserz,Rolland Hesser,5,Primer
pironside10,Phip Ironside,1,United
jlambdin11,Joseph Lambdin,4,Cross
vdartan12,Virgie Dartan,5,Optimus
hstorey13,Hoyt Storey,4,Primer
zdrogan14,Zelig Drogan,4,United
lskinner15,Laney Skinner,4,Cross
jpantone16,Joline Pantone,1,Optimus
mhandlin17,Mic Handlin,2,Primer
ataplow18,Aaren Taplow,5,United
uspinney19,Ulrica Spinney,1,Cross
uhatch1a,Ursola Hatch,1,Optimus
kberkery1b,Kellyann Berkery,3,Primer
beyers1c,Blakelee Eyers,1,United
gmccomas1d,Giulio McComas,1,Cross
ccammidge0,Cyndi Cammidge,3,Cross
ngrishelyov1,Nicol Grishelyov,5,Optimus
agartside2,Ardath Gartside,4,Primer
rleyre3,Ruthi Leyre,3,United
jbenditt4,Javier Benditt,3,Cross
skoschke5,Shaylyn Koschke,3,Cross
ccoxon6,Cly Coxon,3,Optimus
svance7,Sheba Vance,5,Primer
ecommings8,Emilie Commings,2,United
nmeldon9,Norris Meldon,3,Cross
echallina,Eimile Challin,1,Cross
tcoveb,Tasha Cove,4,Optimus
tblucherc,Tripp Blucher,3,Primer
acarrabottd,Ali Carrabott,2,United
gtremelliere,Gabe Tremellier,4,Cross
sduerf,Sibylle Duer,4,Cross
kbortoluttig,Kristofer Bortolutti,3,Optimus
dyuryshevh,Dagmar Yuryshev,3,Primer
eabberleyi,Evered Abberley,3,United
blotteringtonj,Brinn Lotterington,3,Cross
lvidak,Leonerd Vida,1,Cross
cantonijevicl,Cammi Antonijevic,2,Optimus
tceneym,Therine Ceney,2,Primer
tjentn,Tierney Jent,4,United
kzimmero,Klara Zimmer,3,Cross
rmattheusp,Rosy Mattheus,1,Cross
rlidbetterq,Raf Lidbetter,5,Optimus
rhallenr,Rosabelle Hallen,1,Primer
switheys,Shelby Withey,4,United
ashuttet,Amelita Shutte,5,Cross
mhemphreyu,Mira Hemphrey,4,Cross
gromaynev,Gabriell Romayne,1,Optimus
oratterw,Odella Ratter,2,Primer
jnewbiggingx,Josefina Newbigging,2,United
apollaky,Alberto Pollak,4,Cross
rhesserz,Rolland Hesser,3,Cross
pironside10,Phip Ironside,1,Optimus
jlambdin11,Joseph Lambdin,5,Primer
vdartan12,Virgie Dartan,1,United
hstorey13,Hoyt Storey,4,Cross
zdrogan14,Zelig Drogan,5,Cross
lskinner15,Laney Skinner,4,Optimus
jpantone16,Joline Pantone,4,Primer
mhandlin17,Mic Handlin,4,United
ataplow18,Aaren Taplow,1,Cross
uspinney19,Ulrica Spinney,2,Cross
uhatch1a,Ursola Hatch,5,Optimus
kberkery1b,Kellyann Berkery,1,Primer
beyers1c,Blakelee Eyers,1,United
gmccomas1d,Giulio McComas,3,Cross
